timestamp,depth_mm,confidence_0to7
2026-04-07 12:24:14.195,408,4
2026-04-07 12:24:14.231,429,3
2026-04-07 12:24:14.262,430,4
2026-04-07 12:24:14.296,439,4
2026-04-07 12:24:14.341,437,4
2026-04-07 12:24:14.384,437,4
2026-04-07 12:24:14.436,407,2
2026-04-07 12:24:14.486,403,2
2026-04-07 12:24:14.534,422,2
2026-04-07 12:24:14.581,419,2
2026-04-07 12:24:14.624,414,3
2026-04-07 12:24:14.670,439,4
2026-04-07 12:24:14.721,434,4
2026-04-07 12:24:14.766,435,4
2026-04-07 12:24:14.814,435,4
2026-04-07 12:24:14.860,434,4
2026-04-07 12:24:14.917,434,4
2026-04-07 12:24:14.964,435,4
2026-04-07 12:24:15.021,436,4
2026-04-07 12:24:15.067,437,4
2026-04-07 12:24:15.116,442,4
2026-04-07 12:24:15.163,444,4
2026-04-07 12:24:15.219,423,3
2026-04-07 12:24:15.249,446,4
2026-04-07 12:24:15.301,454,4
2026-04-07 12:24:15.354,426,2
2026-04-07 12:24:15.400,424,2
2026-04-07 12:24:15.450,424,2
2026-04-07 12:24:15.493,492,3
2026-04-07 12:24:15.540,531,4
2026-04-07 12:24:15.594,567,3
2026-04-07 12:24:15.641,676,3
2026-04-07 12:24:15.708,632,2
2026-04-07 12:24:15.747,695,3
2026-04-07 12:24:15.806,893,3
2026-04-07 12:24:15.853,935,3
2026-04-07 12:24:15.921,1022,2
2026-04-07 12:24:15.962,575,2
2026-04-07 12:24:16.007,487,3
2026-04-07 12:24:16.051,1905,2
2026-04-07 12:24:16.097,1850,2
2026-04-07 12:24:16.137,170,0
2026-04-07 12:24:16.184,153,0
2026-04-07 12:24:16.230,142,0
2026-04-07 12:24:16.274,122,0
2026-04-07 12:24:16.311,121,0
2026-04-07 12:24:16.356,125,0
2026-04-07 12:24:16.400,118,0
2026-04-07 12:24:16.460,113,0
2026-04-07 12:24:16.510,120,0
2026-04-07 12:24:16.553,118,0
2026-04-07 12:24:16.590,104,0
2026-04-07 12:24:16.634,101,0
2026-04-07 12:24:16.678,100,0
2026-04-07 12:24:16.725,98,0
2026-04-07 12:24:16.759,103,0
2026-04-07 12:24:16.800,94,0
2026-04-07 12:24:16.829,95,0
2026-04-07 12:24:16.864,96,0
2026-04-07 12:24:16.895,93,0
2026-04-07 12:24:16.938,94,0
2026-04-07 12:24:16.979,94,0
2026-04-07 12:24:17.014,95,0
2026-04-07 12:24:17.050,94,0
2026-04-07 12:24:17.101,95,0
2026-04-07 12:24:17.138,92,0
2026-04-07 12:24:17.195,94,0
2026-04-07 12:24:17.235,92,0
2026-04-07 12:24:17.284,94,0
2026-04-07 12:24:17.326,93,0
2026-04-07 12:24:17.372,91,0
2026-04-07 12:24:17.409,88,0
2026-04-07 12:24:17.459,89,0
2026-04-07 12:24:17.499,88,0
2026-04-07 12:24:17.546,89,0
2026-04-07 12:24:17.597,88,0
2026-04-07 12:24:17.655,89,0
2026-04-07 12:24:17.690,88,0
2026-04-07 12:24:17.730,86,0
2026-04-07 12:24:17.786,87,0
2026-04-07 12:24:17.828,84,0
2026-04-07 12:24:17.872,85,0
2026-04-07 12:24:17.915,83,0
2026-04-07 12:24:17.953,82,0
2026-04-07 12:24:18.012,82,0
2026-04-07 12:24:18.058,80,0
2026-04-07 12:24:18.117,81,0
2026-04-07 12:24:18.152,82,0
2026-04-07 12:24:18.199,79,0
2026-04-07 12:24:18.229,79,0
2026-04-07 12:24:18.278,80,0
2026-04-07 12:24:18.327,79,0
2026-04-07 12:24:18.383,82,0
2026-04-07 12:24:18.420,79,0
2026-04-07 12:24:18.476,79,0
2026-04-07 12:24:18.525,79,0
2026-04-07 12:24:18.567,79,0
2026-04-07 12:24:18.604,80,0
2026-04-07 12:24:18.655,80,0
2026-04-07 12:24:18.697,78,0
2026-04-07 12:24:18.751,78,0
2026-04-07 12:24:18.796,78,0
2026-04-07 12:24:18.837,76,0
2026-04-07 12:24:18.873,75,0
2026-04-07 12:24:18.931,76,0
2026-04-07 12:24:18.981,73,0
2026-04-07 12:24:19.032,73,0
2026-04-07 12:24:19.070,72,0
2026-04-07 12:24:19.117,72,0
2026-04-07 12:24:19.161,71,0
2026-04-07 12:24:19.226,71,0
2026-04-07 12:24:19.269,70,0
2026-04-07 12:24:19.325,70,0
2026-04-07 12:24:19.377,66,0
2026-04-07 12:24:19.414,66,0
2026-04-07 12:24:19.454,64,0
2026-04-07 12:24:19.493,62,0
2026-04-07 12:24:19.530,62,0
2026-04-07 12:24:19.593,60,0
2026-04-07 12:24:19.635,59,0
2026-04-07 12:24:19.683,60,0
2026-04-07 12:24:19.738,58,0
2026-04-07 12:24:19.769,56,0
2026-04-07 12:24:19.807,54,0
2026-04-07 12:24:19.861,53,0
2026-04-07 12:24:19.907,51,0
2026-04-07 12:24:19.961,50,0
2026-04-07 12:24:20.001,50,0
2026-04-07 12:24:20.052,47,0
2026-04-07 12:24:20.098,47,0
2026-04-07 12:24:20.149,47,0
2026-04-07 12:24:20.190,49,0
2026-04-07 12:24:20.235,48,0
2026-04-07 12:24:20.274,48,0
2026-04-07 12:24:20.326,51,0
2026-04-07 12:24:20.379,49,0
2026-04-07 12:24:20.435,48,0
2026-04-07 12:24:20.475,48,0
2026-04-07 12:24:20.531,47,0
2026-04-07 12:24:20.588,48,0
2026-04-07 12:24:20.630,47,0
2026-04-07 12:24:20.676,50,0
2026-04-07 12:24:20.727,50,0
2026-04-07 12:24:20.755,49,0
2026-04-07 12:24:20.813,48,0
2026-04-07 12:24:20.856,48,0
2026-04-07 12:24:20.909,49,0
2026-04-07 12:24:20.946,49,0
2026-04-07 12:24:20.998,49,0
2026-04-07 12:24:21.033,49,0
2026-04-07 12:24:21.075,47,0
2026-04-07 12:24:21.129,48,0
2026-04-07 12:24:21.170,47,0
2026-04-07 12:24:21.219,47,0
2026-04-07 12:24:21.268,48,0
2026-04-07 12:24:21.311,47,0
2026-04-07 12:24:21.353,47,0
2026-04-07 12:24:21.406,45,0
2026-04-07 12:24:21.443,46,0
2026-04-07 12:24:21.486,47,0
2026-04-07 12:24:21.536,47,0
2026-04-07 12:24:21.580,47,0
2026-04-07 12:24:21.623,48,0
2026-04-07 12:24:21.670,47,0
2026-04-07 12:24:21.720,47,0
2026-04-07 12:24:21.765,45,0
2026-04-07 12:24:21.818,44,0
2026-04-07 12:24:21.855,44,0
2026-04-07 12:24:21.906,46,0
2026-04-07 12:24:21.945,46,0
2026-04-07 12:24:21.995,46,0
2026-04-07 12:24:22.041,46,0
2026-04-07 12:24:22.101,46,0
2026-04-07 12:24:22.144,46,0
2026-04-07 12:24:22.189,47,0
2026-04-07 12:24:22.235,45,0
2026-04-07 12:24:22.290,47,0
2026-04-07 12:24:22.339,46,0
2026-04-07 12:24:22.391,47,0
2026-04-07 12:24:22.424,47,0
2026-04-07 12:24:22.480,46,0
2026-04-07 12:24:22.528,45,0
2026-04-07 12:24:22.578,46,0
2026-04-07 12:24:22.629,46,0
2026-04-07 12:24:22.683,46,0
2026-04-07 12:24:22.705,46,0
2026-04-07 12:24:22.749,46,0
2026-04-07 12:24:22.794,46,0
2026-04-07 12:24:22.845,46,0
2026-04-07 12:24:22.893,46,0
2026-04-07 12:24:22.939,45,0
2026-04-07 12:24:22.986,44,0
2026-04-07 12:24:23.034,44,0
2026-04-07 12:24:23.085,45,0
2026-04-07 12:24:23.131,45,0
2026-04-07 12:24:23.173,45,0
2026-04-07 12:24:23.224,45,0
2026-04-07 12:24:23.259,45,0
2026-04-07 12:24:23.316,43,0
2026-04-07 12:24:23.358,44,0
2026-04-07 12:24:23.392,45,0
2026-04-07 12:24:23.450,44,0
2026-04-07 12:24:23.487,44,0
2026-04-07 12:24:23.528,45,0
2026-04-07 12:24:23.579,45,0
2026-04-07 12:24:23.614,45,0
2026-04-07 12:24:23.673,45,0
2026-04-07 12:24:23.722,45,0
2026-04-07 12:24:23.770,45,0
2026-04-07 12:24:23.811,45,0
2026-04-07 12:24:23.868,45,0
2026-04-07 12:24:23.911,45,0
2026-04-07 12:24:23.968,45,0
2026-04-07 12:24:24.005,44,0
2026-04-07 12:24:24.061,45,0
2026-04-07 12:24:24.101,45,0
2026-04-07 12:24:24.150,46,0
2026-04-07 12:24:24.196,44,0
2026-04-07 12:24:24.250,45,0
2026-04-07 12:24:24.293,44,0
2026-04-07 12:24:24.354,46,0
2026-04-07 12:24:24.401,45,0
2026-04-07 12:24:24.444,46,0
2026-04-07 12:24:24.491,46,0
2026-04-07 12:24:24.534,45,0
2026-04-07 12:24:24.579,47,0
2026-04-07 12:24:24.635,47,0
2026-04-07 12:24:24.680,46,0
2026-04-07 12:24:24.733,48,0
2026-04-07 12:24:24.775,49,0
2026-04-07 12:24:24.834,52,0
2026-04-07 12:24:24.879,51,0
2026-04-07 12:24:24.922,54,0
2026-04-07 12:24:24.964,56,0
2026-04-07 12:24:25.016,57,0
2026-04-07 12:24:25.061,62,0
2026-04-07 12:24:25.110,64,7
2026-04-07 12:24:25.159,65,7
2026-04-07 12:24:25.207,71,0
2026-04-07 12:24:25.245,72,0
2026-04-07 12:24:25.299,74,7
2026-04-07 12:24:25.338,75,7
2026-04-07 12:24:25.396,78,0
2026-04-07 12:24:25.434,80,0
2026-04-07 12:24:25.485,81,0
2026-04-07 12:24:25.520,81,0
2026-04-07 12:24:25.590,83,0
2026-04-07 12:24:25.621,83,0
2026-04-07 12:24:25.657,85,0
2026-04-07 12:24:25.700,86,0
2026-04-07 12:24:25.755,89,0
2026-04-07 12:24:25.791,89,0
2026-04-07 12:24:25.836,92,0
2026-04-07 12:24:25.889,94,0
2026-04-07 12:24:25.942,96,0
2026-04-07 12:24:25.978,97,0
2026-04-07 12:24:26.026,97,0
2026-04-07 12:24:26.073,101,0
2026-04-07 12:24:26.122,104,0
2026-04-07 12:24:26.165,105,0
2026-04-07 12:24:26.221,106,0
2026-04-07 12:24:26.274,109,0
2026-04-07 12:24:26.298,111,0
2026-04-07 12:24:26.343,112,0
2026-04-07 12:24:26.395,118,0
2026-04-07 12:24:26.447,119,0
2026-04-07 12:24:26.492,120,0
2026-04-07 12:24:26.555,125,0
2026-04-07 12:24:26.588,127,0
2026-04-07 12:24:26.628,132,0
2026-04-07 12:24:26.670,134,0
2026-04-07 12:24:26.732,137,0
2026-04-07 12:24:26.780,139,0
2026-04-07 12:24:26.829,141,0
2026-04-07 12:24:26.866,140,0
2026-04-07 12:24:26.911,150,0
2026-04-07 12:24:26.959,153,0
2026-04-07 12:24:27.010,154,0
2026-04-07 12:24:27.053,157,0
2026-04-07 12:24:27.102,163,0
2026-04-07 12:24:27.141,167,0
2026-04-07 12:24:27.190,169,0
2026-04-07 12:24:27.235,172,0
2026-04-07 12:24:27.288,172,0
2026-04-07 12:24:27.327,175,0
2026-04-07 12:24:27.372,179,0
2026-04-07 12:24:27.414,178,0
2026-04-07 12:24:27.461,179,0
2026-04-07 12:24:27.499,180,0
2026-04-07 12:24:27.552,183,0
2026-04-07 12:24:27.591,183,0
2026-04-07 12:24:27.645,185,0
2026-04-07 12:24:27.684,188,0
2026-04-07 12:24:27.739,187,0
2026-04-07 12:24:27.780,193,0
2026-04-07 12:24:27.829,194,0
2026-04-07 12:24:27.870,198,0
2026-04-07 12:24:27.922,201,0
2026-04-07 12:24:27.969,200,0
2026-04-07 12:24:28.022,208,0
2026-04-07 12:24:28.060,208,0
2026-04-07 12:24:28.111,210,0
2026-04-07 12:24:28.172,217,0
2026-04-07 12:24:28.234,212,0
2026-04-07 12:24:28.257,215,0
2026-04-07 12:24:28.308,219,0
2026-04-07 12:24:28.365,224,0
2026-04-07 12:24:28.414,220,0
2026-04-07 12:24:28.463,228,0
2026-04-07 12:24:28.510,232,0
2026-04-07 12:24:28.548,235,0
2026-04-07 12:24:28.595,233,0
2026-04-07 12:24:28.643,242,0
2026-04-07 12:24:28.696,251,7
2026-04-07 12:24:28.728,248,7
2026-04-07 12:24:28.783,249,6
2026-04-07 12:24:28.821,254,6
2026-04-07 12:24:28.871,254,6
2026-04-07 12:24:28.904,259,6
2026-04-07 12:24:28.944,268,7
2026-04-07 12:24:28.983,276,7
2026-04-07 12:24:29.036,261,6
2026-04-07 12:24:29.077,268,6
2026-04-07 12:24:29.132,274,7
2026-04-07 12:24:29.178,274,6
2026-04-07 12:24:29.207,274,6
2026-04-07 12:24:29.246,269,6
2026-04-07 12:24:29.299,270,6
2026-04-07 12:24:29.340,276,6
2026-04-07 12:24:29.400,284,6
2026-04-07 12:24:29.442,276,6
2026-04-07 12:24:29.495,280,6
2026-04-07 12:24:29.542,284,6
2026-04-07 12:24:29.588,283,6
2026-04-07 12:24:29.639,287,6
2026-04-07 12:24:29.688,291,7
2026-04-07 12:24:29.720,297,6
2026-04-07 12:24:29.766,298,6
2026-04-07 12:24:29.809,298,6
2026-04-07 12:24:29.865,301,6
2026-04-07 12:24:29.904,303,6
2026-04-07 12:24:29.963,309,6
2026-04-07 12:24:30.010,307,6
2026-04-07 12:24:30.054,310,6
2026-04-07 12:24:30.095,311,6
2026-04-07 12:24:30.140,313,6
2026-04-07 12:24:30.183,315,6
2026-04-07 12:24:30.232,316,5
2026-04-07 12:24:30.284,318,5
2026-04-07 12:24:30.335,321,5
2026-04-07 12:24:30.390,330,5
2026-04-07 12:24:30.436,325,5
2026-04-07 12:24:30.482,331,5
2026-04-07 12:24:30.529,339,5
2026-04-07 12:24:30.572,328,4
2026-04-07 12:24:30.629,334,4
2026-04-07 12:24:30.675,331,4
2026-04-07 12:24:30.708,342,5
2026-04-07 12:24:30.768,346,5
2026-04-07 12:24:30.805,340,5
2026-04-07 12:24:30.853,347,5
2026-04-07 12:24:30.896,344,4
2026-04-07 12:24:30.957,343,4
2026-04-07 12:24:30.990,355,4
2026-04-07 12:24:31.034,348,3
2026-04-07 12:24:31.084,346,3
2026-04-07 12:24:31.129,345,3
2026-04-07 12:24:31.181,348,3
2026-04-07 12:24:31.229,336,4
2026-04-07 12:24:31.284,348,6
2026-04-07 12:24:31.313,349,7
2026-04-07 12:24:31.364,353,7
2026-04-07 12:24:31.402,358,6
2026-04-07 12:24:31.448,362,6
2026-04-07 12:24:31.499,366,6
2026-04-07 12:24:31.546,367,6
2026-04-07 12:24:31.583,367,6
2026-04-07 12:24:31.632,370,6
2026-04-07 12:24:31.674,374,6
2026-04-07 12:24:31.724,373,6
2026-04-07 12:24:31.768,375,6
2026-04-07 12:24:31.816,378,6
2026-04-07 12:24:31.853,378,6
2026-04-07 12:24:31.906,384,6
2026-04-07 12:24:31.945,387,6
2026-04-07 12:24:31.997,387,6
2026-04-07 12:24:32.029,392,6
2026-04-07 12:24:32.074,395,5
2026-04-07 12:24:32.120,400,5
2026-04-07 12:24:32.177,430,4
2026-04-07 12:24:32.226,2252,2
2026-04-07 12:24:32.282,2105,2
2026-04-07 12:24:32.317,1966,2
2026-04-07 12:24:32.363,604,3
2026-04-07 12:24:32.405,853,2
2026-04-07 12:24:32.453,685,2
2026-04-07 12:24:32.498,401,2
2026-04-07 12:24:32.547,351,2
2026-04-07 12:24:32.592,399,3
2026-04-07 12:24:32.643,380,2
2026-04-07 12:24:32.688,481,4
2026-04-07 12:24:32.738,525,3
2026-04-07 12:24:32.782,551,4
2026-04-07 12:24:32.829,533,2
2026-04-07 12:24:32.880,573,3
2026-04-07 12:24:32.933,593,4
2026-04-07 12:24:32.973,640,4
2026-04-07 12:24:33.028,641,5
2026-04-07 12:24:33.065,641,5
2026-04-07 12:24:33.146,643,5
2026-04-07 12:24:33.183,643,5
2026-04-07 12:24:33.214,643,5
2026-04-07 12:24:33.251,644,5
2026-04-07 12:24:33.297,648,5
2026-04-07 12:24:33.332,591,3
2026-04-07 12:24:33.376,540,3
2026-04-07 12:24:33.416,517,3
2026-04-07 12:24:33.464,477,4
2026-04-07 12:24:33.501,391,5
2026-04-07 12:24:33.547,367,5
2026-04-07 12:24:33.586,341,6
2026-04-07 12:24:33.634,332,7
2026-04-07 12:24:33.680,333,7
2026-04-07 12:24:33.728,314,4
2026-04-07 12:24:33.769,315,5
2026-04-07 12:24:33.839,324,5
2026-04-07 12:24:33.904,331,5
2026-04-07 12:24:33.967,316,7
2026-04-07 12:24:34.001,317,0
2026-04-07 12:24:34.049,323,0
2026-04-07 12:24:34.084,334,5
2026-04-07 12:24:34.132,335,6
2026-04-07 12:24:34.183,340,5
2026-04-07 12:24:34.209,339,5
2026-04-07 12:24:34.237,355,5
2026-04-07 12:24:34.278,343,4
2026-04-07 12:24:34.341,339,4
2026-04-07 12:24:34.373,354,6
2026-04-07 12:24:34.445,360,6
2026-04-07 12:24:34.555,357,6
